date,month,start_date,start_adjusted_close,end_date,end_adjusted_close,nvda_return,source_url
2017-01,Jan 2017,2016-12-30,2.6285512447357178,2017-01-31,2.68863844871521,0.022859437912740255,https://query2.finance.yahoo.com/v8/finance/chart/NVDA?period1=1480550400&period2=1780617600&interval=1d&events=history&includeAdjustedClose=true
2017-02,Feb 2017,2017-01-31,2.68863844871521,2017-02-28,2.50217342376709,-0.06935295634012228,https://query2.finance.yahoo.com/v8/finance/chart/NVDA?period1=1480550400&period2=1780617600&interval=1d&events=history&includeAdjustedClose=true
2017-03,Mar 2017,2017-02-28,2.50217342376709,2017-03-31,2.6858675479888916,0.07341382594706225,https://query2.finance.yahoo.com/v8/finance/chart/NVDA?period1=1480550400&period2=1780617600&interval=1d&events=history&includeAdjustedClose=true
2017-04,Apr 2017,2017-03-31,2.6858675479888916,2017-04-28,2.5717060565948486,-0.042504512733520405,https://query2.finance.yahoo.com/v8/finance/chart/NVDA?period1=1480550400&period2=1780617600&interval=1d&events=history&includeAdjustedClose=true
2017-05,May 2017,2017-04-28,2.5717060565948486,2017-05-31,3.562959671020508,0.3854459229054199,https://query2.finance.yahoo.com/v8/finance/chart/NVDA?period1=1480550400&period2=1780617600&interval=1d&events=history&includeAdjustedClose=true
2017-06,Jun 2017,2017-05-31,3.562959671020508,2017-06-30,3.568142890930176,0.0014547512147908837,https://query2.finance.yahoo.com/v8/finance/chart/NVDA?period1=1480550400&period2=1780617600&interval=1d&events=history&includeAdjustedClose=true
2017-07,Jul 2017,2017-06-30,3.568142890930176,2017-07-31,4.011197566986084,0.12416954410152803,https://query2.finance.yahoo.com/v8/finance/chart/NVDA?period1=1480550400&period2=1780617600&interval=1d&events=history&includeAdjustedClose=true
2017-08,Aug 2017,2017-07-31,4.011197566986084,2017-08-31,4.185932159423828,0.043561701840838296,https://query2.finance.yahoo.com/v8/finance/chart/NVDA?period1=1480550400&period2=1780617600&interval=1d&events=history&includeAdjustedClose=true
2017-09,Sept 2017,2017-08-31,4.185932159423828,2017-09-29,4.416426658630371,0.05506407902183241,https://query2.finance.yahoo.com/v8/finance/chart/NVDA?period1=1480550400&period2=1780617600&interval=1d&events=history&includeAdjustedClose=true
2017-10,Oct 2017,2017-09-29,4.416426658630371,2017-10-31,5.109140396118164,0.15684936964460272,https://query2.finance.yahoo.com/v8/finance/chart/NVDA?period1=1480550400&period2=1780617600&interval=1d&events=history&includeAdjustedClose=true
2017-11,Nov 2017,2017-10-31,5.109140396118164,2017-11-30,4.961888313293457,-0.028821302882298228,https://query2.finance.yahoo.com/v8/finance/chart/NVDA?period1=1480550400&period2=1780617600&interval=1d&events=history&includeAdjustedClose=true
2017-12,Dec 2017,2017-11-30,4.961888313293457,2017-12-29,4.783644199371338,-0.03592263724368461,https://query2.finance.yahoo.com/v8/finance/chart/NVDA?period1=1480550400&period2=1780617600&interval=1d&events=history&includeAdjustedClose=true
2018-01,Jan 2018,2017-12-29,4.783644199371338,2018-01-31,6.076587677001953,0.27028420671431475,https://query2.finance.yahoo.com/v8/finance/chart/NVDA?period1=1480550400&period2=1780617600&interval=1d&events=history&includeAdjustedClose=true
2018-02,Feb 2018,2018-01-31,6.076587677001953,2018-02-28,5.986364841461182,-0.014847615197298603,https://query2.finance.yahoo.com/v8/finance/chart/NVDA?period1=1480550400&period2=1780617600&interval=1d&events=history&includeAdjustedClose=true
2018-03,Mar 2018,2018-02-28,5.986364841461182,2018-03-29,5.728850841522217,-0.04301675670607963,https://query2.finance.yahoo.com/v8/finance/chart/NVDA?period1=1480550400&period2=1780617600&interval=1d&events=history&includeAdjustedClose=true
2018-04,Apr 2018,2018-03-29,5.728850841522217,2018-04-30,5.563360691070557,-0.028887145961665084,https://query2.finance.yahoo.com/v8/finance/chart/NVDA?period1=1480550400&period2=1780617600&interval=1d&events=history&includeAdjustedClose=true
2018-05,May 2018,2018-04-30,5.563360691070557,2018-05-31,6.242292404174805,0.12203625664501017,https://query2.finance.yahoo.com/v8/finance/chart/NVDA?period1=1480550400&period2=1780617600&interval=1d&events=history&includeAdjustedClose=true
2018-06,Jun 2018,2018-05-31,6.242292404174805,2018-06-29,5.863829135894775,-0.06062889140324723,https://query2.finance.yahoo.com/v8/finance/chart/NVDA?period1=1480550400&period2=1780617600&interval=1d&events=history&includeAdjustedClose=true
2018-07,Jul 2018,2018-06-29,5.863829135894775,2018-07-31,6.060858249664307,0.03360075970894849,https://query2.finance.yahoo.com/v8/finance/chart/NVDA?period1=1480550400&period2=1780617600&interval=1d&events=history&includeAdjustedClose=true
2018-08,Aug 2018,2018-07-31,6.060858249664307,2018-08-31,6.951286315917969,0.14691451764326957,https://query2.finance.yahoo.com/v8/finance/chart/NVDA?period1=1480550400&period2=1780617600&interval=1d&events=history&includeAdjustedClose=true
2018-09,Sept 2018,2018-08-31,6.951286315917969,2018-09-28,6.959707736968994,0.0012114910346507912,https://query2.finance.yahoo.com/v8/finance/chart/NVDA?period1=1480550400&period2=1780617600&interval=1d&events=history&includeAdjustedClose=true
2018-10,Oct 2018,2018-09-28,6.959707736968994,2018-10-31,5.221388339996338,-0.24976902230232267,https://query2.finance.yahoo.com/v8/finance/chart/NVDA?period1=1480550400&period2=1780617600&interval=1d&events=history&includeAdjustedClose=true
2018-11,Nov 2018,2018-10-31,5.221388339996338,2018-11-30,4.05153751373291,-0.22404976417905131,https://query2.finance.yahoo.com/v8/finance/chart/NVDA?period1=1480550400&period2=1780617600&interval=1d&events=history&includeAdjustedClose=true
2018-12,Dec 2018,2018-11-30,4.05153751373291,2018-12-31,3.309553384780884,-0.18313643312866534,https://query2.finance.yahoo.com/v8/finance/chart/NVDA?period1=1480550400&period2=1780617600&interval=1d&events=history&includeAdjustedClose=true
2019-01,Jan 2019,2018-12-31,3.309553384780884,2019-01-31,3.56365704536438,0.07677883721471357,https://query2.finance.yahoo.com/v8/finance/chart/NVDA?period1=1480550400&period2=1780617600&interval=1d&events=history&includeAdjustedClose=true
2019-02,Feb 2019,2019-01-31,3.56365704536438,2019-02-28,3.8281474113464355,0.07421880461985131,https://query2.finance.yahoo.com/v8/finance/chart/NVDA?period1=1480550400&period2=1780617600&interval=1d&events=history&includeAdjustedClose=true
2019-03,Mar 2019,2019-02-28,3.8281474113464355,2019-03-29,4.455998420715332,0.16400909941659458,https://query2.finance.yahoo.com/v8/finance/chart/NVDA?period1=1480550400&period2=1780617600&interval=1d&events=history&includeAdjustedClose=true
2019-04,Apr 2019,2019-03-29,4.455998420715332,2019-04-30,4.491733074188232,0.008019449312812732,https://query2.finance.yahoo.com/v8/finance/chart/NVDA?period1=1480550400&period2=1780617600&interval=1d&events=history&includeAdjustedClose=true
2019-05,May 2019,2019-04-30,4.491733074188232,2019-05-31,3.3654403686523438,-0.25074791554470044,https://query2.finance.yahoo.com/v8/finance/chart/NVDA?period1=1480550400&period2=1780617600&interval=1d&events=history&includeAdjustedClose=true
2019-06,Jun 2019,2019-05-31,3.3654403686523438,2019-06-28,4.0802178382873535,0.2123875009918048,https://query2.finance.yahoo.com/v8/finance/chart/NVDA?period1=1480550400&period2=1780617600&interval=1d&events=history&includeAdjustedClose=true
2019-07,Jul 2019,2019-06-28,4.0802178382873535,2019-07-31,4.191769123077393,0.02733954146841877,https://query2.finance.yahoo.com/v8/finance/chart/NVDA?period1=1480550400&period2=1780617600&interval=1d&events=history&includeAdjustedClose=true
2019-08,Aug 2019,2019-07-31,4.191769123077393,2019-08-30,4.165826797485352,-0.006188872724219974,https://query2.finance.yahoo.com/v8/finance/chart/NVDA?period1=1480550400&period2=1780617600&interval=1d&events=history&includeAdjustedClose=true
2019-09,Sept 2019,2019-08-30,4.165826797485352,2019-09-30,4.328968524932861,0.03916190839858924,https://query2.finance.yahoo.com/v8/finance/chart/NVDA?period1=1480550400&period2=1780617600&interval=1d&events=history&includeAdjustedClose=true
2019-10,Oct 2019,2019-09-30,4.328968524932861,2019-10-31,4.9991912841796875,0.15482273788470668,https://query2.finance.yahoo.com/v8/finance/chart/NVDA?period1=1480550400&period2=1780617600&interval=1d&events=history&includeAdjustedClose=true
2019-11,Nov 2019,2019-10-31,4.9991912841796875,2019-11-29,5.394112586975098,0.07899703778992584,https://query2.finance.yahoo.com/v8/finance/chart/NVDA?period1=1480550400&period2=1780617600&interval=1d&events=history&includeAdjustedClose=true
2019-12,Dec 2019,2019-11-29,5.394112586975098,2019-12-31,5.856024265289307,0.08563256158752863,https://query2.finance.yahoo.com/v8/finance/chart/NVDA?period1=1480550400&period2=1780617600&interval=1d&events=history&includeAdjustedClose=true
2020-01,Jan 2020,2019-12-31,5.856024265289307,2020-01-31,5.8841447830200195,0.0048019810808150876,https://query2.finance.yahoo.com/v8/finance/chart/NVDA?period1=1480550400&period2=1780617600&interval=1d&events=history&includeAdjustedClose=true
2020-02,Feb 2020,2020-01-31,5.8841447830200195,2020-02-28,6.725380897521973,0.14296658996724942,https://query2.finance.yahoo.com/v8/finance/chart/NVDA?period1=1480550400&period2=1780617600&interval=1d&events=history&includeAdjustedClose=true
2020-03,Mar 2020,2020-02-28,6.725380897521973,2020-03-31,6.564263343811035,-0.023956643670591582,https://query2.finance.yahoo.com/v8/finance/chart/NVDA?period1=1480550400&period2=1780617600&interval=1d&events=history&includeAdjustedClose=true
2020-04,Apr 2020,2020-03-31,6.564263343811035,2020-04-30,7.278463363647461,0.10880124431780946,https://query2.finance.yahoo.com/v8/finance/chart/NVDA?period1=1480550400&period2=1780617600&interval=1d&events=history&includeAdjustedClose=true
2020-05,May 2020,2020-04-30,7.278463363647461,2020-05-29,8.840836524963379,0.21465700701596502,https://query2.finance.yahoo.com/v8/finance/chart/NVDA?period1=1480550400&period2=1780617600&interval=1d&events=history&includeAdjustedClose=true
2020-06,Jun 2020,2020-05-29,8.840836524963379,2020-06-30,9.464973449707031,0.07059704395407729,https://query2.finance.yahoo.com/v8/finance/chart/NVDA?period1=1480550400&period2=1780617600&interval=1d&events=history&includeAdjustedClose=true
2020-07,Jul 2020,2020-06-30,9.464973449707031,2020-07-31,10.578118324279785,0.11760676144392246,https://query2.finance.yahoo.com/v8/finance/chart/NVDA?period1=1480550400&period2=1780617600&interval=1d&events=history&includeAdjustedClose=true
2020-08,Aug 2020,2020-07-31,10.578118324279785,2020-08-31,13.328347206115723,0.25999225925875513,https://query2.finance.yahoo.com/v8/finance/chart/NVDA?period1=1480550400&period2=1780617600&interval=1d&events=history&includeAdjustedClose=true
2020-09,Sept 2020,2020-08-31,13.328347206115723,2020-09-30,13.487841606140137,0.011966555009253588,https://query2.finance.yahoo.com/v8/finance/chart/NVDA?period1=1480550400&period2=1780617600&interval=1d&events=history&includeAdjustedClose=true
2020-10,Oct 2020,2020-09-30,13.487841606140137,2020-10-30,12.49448299407959,-0.0736484488080239,https://query2.finance.yahoo.com/v8/finance/chart/NVDA?period1=1480550400&period2=1780617600&interval=1d&events=history&includeAdjustedClose=true
2020-11,Nov 2020,2020-10-30,12.49448299407959,2020-11-30,13.359249114990234,0.06921183704202938,https://query2.finance.yahoo.com/v8/finance/chart/NVDA?period1=1480550400&period2=1780617600&interval=1d&events=history&includeAdjustedClose=true
2020-12,Dec 2020,2020-11-30,13.359249114990234,2020-12-31,13.01768684387207,-0.025567475250903304,https://query2.finance.yahoo.com/v8/finance/chart/NVDA?period1=1480550400&period2=1780617600&interval=1d&events=history&includeAdjustedClose=true
2021-01,Jan 2021,2020-12-31,13.01768684387207,2021-01-29,12.952621459960938,-0.00499822930843985,https://query2.finance.yahoo.com/v8/finance/chart/NVDA?period1=1480550400&period2=1780617600&interval=1d&events=history&includeAdjustedClose=true
2021-02,Feb 2021,2021-01-29,12.952621459960938,2021-02-26,13.675299644470215,0.05579397087633686,https://query2.finance.yahoo.com/v8/finance/chart/NVDA?period1=1480550400&period2=1780617600&interval=1d&events=history&includeAdjustedClose=true
2021-03,Mar 2021,2021-02-26,13.675299644470215,2021-03-31,13.314690589904785,-0.02636937134399442,https://query2.finance.yahoo.com/v8/finance/chart/NVDA?period1=1480550400&period2=1780617600&interval=1d&events=history&includeAdjustedClose=true
2021-04,Apr 2021,2021-03-31,13.314690589904785,2021-04-30,14.971762657165527,0.12445441792820455,https://query2.finance.yahoo.com/v8/finance/chart/NVDA?period1=1480550400&period2=1780617600&interval=1d&events=history&includeAdjustedClose=true
2021-05,May 2021,2021-04-30,14.971762657165527,2021-05-28,16.203655242919922,0.08228106562755366,https://query2.finance.yahoo.com/v8/finance/chart/NVDA?period1=1480550400&period2=1780617600&interval=1d&events=history&includeAdjustedClose=true
2021-06,Jun 2021,2021-05-28,16.203655242919922,2021-06-30,19.956785202026367,0.23162242733758176,https://query2.finance.yahoo.com/v8/finance/chart/NVDA?period1=1480550400&period2=1780617600&interval=1d&events=history&includeAdjustedClose=true
2021-07,Jul 2021,2021-06-30,19.956785202026367,2021-07-30,19.454431533813477,-0.025172073714652354,https://query2.finance.yahoo.com/v8/finance/chart/NVDA?period1=1480550400&period2=1780617600&interval=1d&events=history&includeAdjustedClose=true
2021-08,Aug 2021,2021-07-30,19.454431533813477,2021-08-31,22.337778091430664,0.14821027037493661,https://query2.finance.yahoo.com/v8/finance/chart/NVDA?period1=1480550400&period2=1780617600&interval=1d&events=history&includeAdjustedClose=true
2021-09,Sept 2021,2021-08-31,22.337778091430664,2021-09-30,20.67229652404785,-0.07455896287293373,https://query2.finance.yahoo.com/v8/finance/chart/NVDA?period1=1480550400&period2=1780617600&interval=1d&events=history&includeAdjustedClose=true
2021-10,Oct 2021,2021-09-30,20.67229652404785,2021-10-29,25.513065338134766,0.23416695907277174,https://query2.finance.yahoo.com/v8/finance/chart/NVDA?period1=1480550400&period2=1780617600&interval=1d&events=history&includeAdjustedClose=true
2021-11,Nov 2021,2021-10-29,25.513065338134766,2021-11-30,32.60707092285156,0.27805383205417034,https://query2.finance.yahoo.com/v8/finance/chart/NVDA?period1=1480550400&period2=1780617600&interval=1d&events=history&includeAdjustedClose=true
2021-12,Dec 2021,2021-11-30,32.60707092285156,2021-12-31,29.352548599243164,-0.09981032430998205,https://query2.finance.yahoo.com/v8/finance/chart/NVDA?period1=1480550400&period2=1780617600&interval=1d&events=history&includeAdjustedClose=true
2022-01,Jan 2022,2021-12-31,29.352548599243164,2022-01-31,24.43733787536621,-0.16745430834594333,https://query2.finance.yahoo.com/v8/finance/chart/NVDA?period1=1480550400&period2=1780617600&interval=1d&events=history&includeAdjustedClose=true
2022-02,Feb 2022,2022-01-31,24.43733787536621,2022-02-28,24.33654022216797,-0.004124739515913078,https://query2.finance.yahoo.com/v8/finance/chart/NVDA?period1=1480550400&period2=1780617600&interval=1d&events=history&includeAdjustedClose=true
2022-03,Mar 2022,2022-02-28,24.33654022216797,2022-03-31,27.236412048339844,0.11915711106422622,https://query2.finance.yahoo.com/v8/finance/chart/NVDA?period1=1480550400&period2=1780617600&interval=1d&events=history&includeAdjustedClose=true
2022-04,Apr 2022,2022-03-31,27.236412048339844,2022-04-29,18.513296127319336,-0.3202740473135195,https://query2.finance.yahoo.com/v8/finance/chart/NVDA?period1=1480550400&period2=1780617600&interval=1d&events=history&includeAdjustedClose=true
2022-05,May 2022,2022-04-29,18.513296127319336,2022-05-31,18.63806915283203,0.0067396440187965645,https://query2.finance.yahoo.com/v8/finance/chart/NVDA?period1=1480550400&period2=1780617600&interval=1d&events=history&includeAdjustedClose=true
2022-06,Jun 2022,2022-05-31,18.63806915283203,2022-06-30,15.134653091430664,-0.18797097664320161,https://query2.finance.yahoo.com/v8/finance/chart/NVDA?period1=1480550400&period2=1780617600&interval=1d&events=history&includeAdjustedClose=true
2022-07,Jul 2022,2022-06-30,15.134653091430664,2022-07-29,18.133827209472656,0.19816602996603483,https://query2.finance.yahoo.com/v8/finance/chart/NVDA?period1=1480550400&period2=1780617600&interval=1d&events=history&includeAdjustedClose=true
2022-08,Aug 2022,2022-07-29,18.133827209472656,2022-08-31,15.069754600524902,-0.16896999036955418,https://query2.finance.yahoo.com/v8/finance/chart/NVDA?period1=1480550400&period2=1780617600&interval=1d&events=history&includeAdjustedClose=true
2022-09,Sept 2022,2022-08-31,15.069754600524902,2022-09-30,12.123104095458984,-0.1955340735915687,https://query2.finance.yahoo.com/v8/finance/chart/NVDA?period1=1480550400&period2=1780617600&interval=1d&events=history&includeAdjustedClose=true
2022-10,Oct 2022,2022-09-30,12.123104095458984,2022-10-31,13.479324340820312,0.1118707085810915,https://query2.finance.yahoo.com/v8/finance/chart/NVDA?period1=1480550400&period2=1780617600&interval=1d&events=history&includeAdjustedClose=true
2022-11,Nov 2022,2022-10-31,13.479324340820312,2022-11-30,16.90515899658203,0.2541547757988909,https://query2.finance.yahoo.com/v8/finance/chart/NVDA?period1=1480550400&period2=1780617600&interval=1d&events=history&includeAdjustedClose=true
2022-12,Dec 2022,2022-11-30,16.90515899658203,2022-12-30,14.598594665527344,-0.13644144556824578,https://query2.finance.yahoo.com/v8/finance/chart/NVDA?period1=1480550400&period2=1780617600&interval=1d&events=history&includeAdjustedClose=true
2023-01,Jan 2023,2022-12-30,14.598594665527344,2023-01-31,19.51640510559082,0.3368687570781206,https://query2.finance.yahoo.com/v8/finance/chart/NVDA?period1=1480550400&period2=1780617600&interval=1d&events=history&includeAdjustedClose=true
2023-02,Feb 2023,2023-01-31,19.51640510559082,2023-02-28,23.191526412963867,0.18830933706742137,https://query2.finance.yahoo.com/v8/finance/chart/NVDA?period1=1480550400&period2=1780617600&interval=1d&events=history&includeAdjustedClose=true
2023-03,Mar 2023,2023-02-28,23.191526412963867,2023-03-31,27.752431869506836,0.19666258163988126,https://query2.finance.yahoo.com/v8/finance/chart/NVDA?period1=1480550400&period2=1780617600&interval=1d&events=history&includeAdjustedClose=true
2023-04,Apr 2023,2023-03-31,27.752431869506836,2023-04-28,27.724454879760742,-0.0010080914666377172,https://query2.finance.yahoo.com/v8/finance/chart/NVDA?period1=1480550400&period2=1780617600&interval=1d&events=history&includeAdjustedClose=true
2023-05,May 2023,2023-04-28,27.724454879760742,2023-05-31,37.800533294677734,0.3634364844544762,https://query2.finance.yahoo.com/v8/finance/chart/NVDA?period1=1480550400&period2=1780617600&interval=1d&events=history&includeAdjustedClose=true
2023-06,Jun 2023,2023-05-31,37.800533294677734,2023-06-30,42.268951416015625,0.11821045186066304,https://query2.finance.yahoo.com/v8/finance/chart/NVDA?period1=1480550400&period2=1780617600&interval=1d&events=history&includeAdjustedClose=true
2023-07,Jul 2023,2023-06-30,42.268951416015625,2023-07-31,46.692501068115234,0.10465245774759246,https://query2.finance.yahoo.com/v8/finance/chart/NVDA?period1=1480550400&period2=1780617600&interval=1d&events=history&includeAdjustedClose=true
2023-08,Aug 2023,2023-07-31,46.692501068115234,2023-08-31,49.31644821166992,0.05619632882219916,https://query2.finance.yahoo.com/v8/finance/chart/NVDA?period1=1480550400&period2=1780617600&interval=1d&events=history&includeAdjustedClose=true
2023-09,Sept 2023,2023-08-31,49.31644821166992,2023-09-29,43.468597412109375,-0.11857810145737036,https://query2.finance.yahoo.com/v8/finance/chart/NVDA?period1=1480550400&period2=1780617600&interval=1d&events=history&includeAdjustedClose=true
2023-10,Oct 2023,2023-09-29,43.468597412109375,2023-10-31,40.751502990722656,-0.06250706448213572,https://query2.finance.yahoo.com/v8/finance/chart/NVDA?period1=1480550400&period2=1780617600&interval=1d&events=history&includeAdjustedClose=true
2023-11,Nov 2023,2023-10-31,40.751502990722656,2023-11-30,46.73731994628906,0.14688579601417695,https://query2.finance.yahoo.com/v8/finance/chart/NVDA?period1=1480550400&period2=1780617600&interval=1d&events=history&includeAdjustedClose=true
2023-12,Dec 2023,2023-11-30,46.73731994628906,2023-12-29,49.49174499511719,0.05893416764148074,https://query2.finance.yahoo.com/v8/finance/chart/NVDA?period1=1480550400&period2=1780617600&interval=1d&events=history&includeAdjustedClose=true
2024-01,Jan 2024,2023-12-29,49.49174499511719,2024-01-31,61.48941421508789,0.2424175834001081,https://query2.finance.yahoo.com/v8/finance/chart/NVDA?period1=1480550400&period2=1780617600&interval=1d&events=history&includeAdjustedClose=true
2024-02,Feb 2024,2024-01-31,61.48941421508789,2024-02-29,79.06366729736328,0.2858094081170013,https://query2.finance.yahoo.com/v8/finance/chart/NVDA?period1=1480550400&period2=1780617600&interval=1d&events=history&includeAdjustedClose=true
2024-03,Mar 2024,2024-02-29,79.06366729736328,2024-03-28,90.30503845214844,0.14218125137688942,https://query2.finance.yahoo.com/v8/finance/chart/NVDA?period1=1480550400&period2=1780617600&interval=1d&events=history&includeAdjustedClose=true
2024-04,Apr 2024,2024-03-28,90.30503845214844,2024-04-30,86.35327911376953,-0.04376012021159703,https://query2.finance.yahoo.com/v8/finance/chart/NVDA?period1=1480550400&period2=1780617600&interval=1d&events=history&includeAdjustedClose=true
2024-05,May 2024,2024-04-30,86.35327911376953,2024-05-31,109.57117462158203,0.2688710347319083,https://query2.finance.yahoo.com/v8/finance/chart/NVDA?period1=1480550400&period2=1780617600&interval=1d&events=history&includeAdjustedClose=true
2024-06,Jun 2024,2024-05-31,109.57117462158203,2024-06-28,123.48046112060547,0.12694293501060772,https://query2.finance.yahoo.com/v8/finance/chart/NVDA?period1=1480550400&period2=1780617600&interval=1d&events=history&includeAdjustedClose=true
2024-07,Jul 2024,2024-06-28,123.48046112060547,2024-07-31,116.96358489990234,-0.052776578266402696,https://query2.finance.yahoo.com/v8/finance/chart/NVDA?period1=1480550400&period2=1780617600&interval=1d&events=history&includeAdjustedClose=true
2024-08,Aug 2024,2024-07-31,116.96358489990234,2024-08-30,119.31246948242188,0.020082186986058126,https://query2.finance.yahoo.com/v8/finance/chart/NVDA?period1=1480550400&period2=1780617600&interval=1d&events=history&includeAdjustedClose=true
2024-09,Sept 2024,2024-08-30,119.31246948242188,2024-09-30,121.39186096191406,0.017428115338762096,https://query2.finance.yahoo.com/v8/finance/chart/NVDA?period1=1480550400&period2=1780617600&interval=1d&events=history&includeAdjustedClose=true
2024-10,Oct 2024,2024-09-30,121.39186096191406,2024-10-31,132.70738220214844,0.09321482635301681,https://query2.finance.yahoo.com/v8/finance/chart/NVDA?period1=1480550400&period2=1780617600&interval=1d&events=history&includeAdjustedClose=true
2024-11,Nov 2024,2024-10-31,132.70738220214844,2024-11-29,138.19520568847656,0.041352812445420106,https://query2.finance.yahoo.com/v8/finance/chart/NVDA?period1=1480550400&period2=1780617600&interval=1d&events=history&includeAdjustedClose=true
2024-12,Dec 2024,2024-11-29,138.19520568847656,2024-12-31,134.2460174560547,-0.02857688306006967,https://query2.finance.yahoo.com/v8/finance/chart/NVDA?period1=1480550400&period2=1780617600&interval=1d&events=history&includeAdjustedClose=true
2025-01,Jan 2025,2024-12-31,134.2460174560547,2025-01-31,120.03067016601562,-0.10589027190093325,https://query2.finance.yahoo.com/v8/finance/chart/NVDA?period1=1480550400&period2=1780617600&interval=1d&events=history&includeAdjustedClose=true
2025-02,Feb 2025,2025-01-31,120.03067016601562,2025-02-28,124.87908172607422,0.0403931058066469,https://query2.finance.yahoo.com/v8/finance/chart/NVDA?period1=1480550400&period2=1780617600&interval=1d&events=history&includeAdjustedClose=true
2025-03,Mar 2025,2025-02-28,124.87908172607422,2025-03-31,108.35446166992188,-0.13232496449965547,https://query2.finance.yahoo.com/v8/finance/chart/NVDA?period1=1480550400&period2=1780617600&interval=1d&events=history&includeAdjustedClose=true
2025-04,Apr 2025,2025-03-31,108.35446166992188,2025-04-30,108.89433288574219,0.004982454875415376,https://query2.finance.yahoo.com/v8/finance/chart/NVDA?period1=1480550400&period2=1780617600&interval=1d&events=history&includeAdjustedClose=true
2025-05,May 2025,2025-04-30,108.89433288574219,2025-05-30,135.09817504882812,0.24063549928333217,https://query2.finance.yahoo.com/v8/finance/chart/NVDA?period1=1480550400&period2=1780617600&interval=1d&events=history&includeAdjustedClose=true
2025-06,Jun 2025,2025-05-30,135.09817504882812,2025-06-30,157.96376037597656,0.16925162252476178,https://query2.finance.yahoo.com/v8/finance/chart/NVDA?period1=1480550400&period2=1780617600&interval=1d&events=history&includeAdjustedClose=true
2025-07,Jul 2025,2025-06-30,157.96376037597656,2025-07-31,177.84043884277344,0.12583062355243713,https://query2.finance.yahoo.com/v8/finance/chart/NVDA?period1=1480550400&period2=1780617600&interval=1d&events=history&includeAdjustedClose=true
2025-08,Aug 2025,2025-07-31,177.84043884277344,2025-08-29,174.1510467529297,-0.020745518363826654,https://query2.finance.yahoo.com/v8/finance/chart/NVDA?period1=1480550400&period2=1780617600&interval=1d&events=history&includeAdjustedClose=true
2025-09,Sept 2025,2025-08-29,174.1510467529297,2025-09-30,186.55950927734375,0.07125115097366086,https://query2.finance.yahoo.com/v8/finance/chart/NVDA?period1=1480550400&period2=1780617600&interval=1d&events=history&includeAdjustedClose=true
2025-10,Oct 2025,2025-09-30,186.55950927734375,2025-10-31,202.4677734375,0.08527179462348733,https://query2.finance.yahoo.com/v8/finance/chart/NVDA?period1=1480550400&period2=1780617600&interval=1d&events=history&includeAdjustedClose=true
2025-11,Nov 2025,2025-10-31,202.4677734375,2025-11-28,176.98056030273438,-0.1258828143464189,https://query2.finance.yahoo.com/v8/finance/chart/NVDA?period1=1480550400&period2=1780617600&interval=1d&events=history&includeAdjustedClose=true
2025-12,Dec 2025,2025-11-28,176.98056030273438,2025-12-31,186.4899139404297,0.0537310630129606,https://query2.finance.yahoo.com/v8/finance/chart/NVDA?period1=1480550400&period2=1780617600&interval=1d&events=history&includeAdjustedClose=true
2026-01,Jan 2026,2025-12-31,186.4899139404297,2026-01-30,191.11965942382812,0.02482571515839349,https://query2.finance.yahoo.com/v8/finance/chart/NVDA?period1=1480550400&period2=1780617600&interval=1d&events=history&includeAdjustedClose=true
2026-02,Feb 2026,2026-01-30,191.11965942382812,2026-02-27,177.180419921875,-0.07293461878268304,https://query2.finance.yahoo.com/v8/finance/chart/NVDA?period1=1480550400&period2=1780617600&interval=1d&events=history&includeAdjustedClose=true
2026-03,Mar 2026,2026-02-27,177.180419921875,2026-03-31,174.39999389648438,-0.015692625780075575,https://query2.finance.yahoo.com/v8/finance/chart/NVDA?period1=1480550400&period2=1780617600&interval=1d&events=history&includeAdjustedClose=true
2026-04,Apr 2026,2026-03-31,174.39999389648438,2026-04-30,199.57000732421875,0.14432347654022348,https://query2.finance.yahoo.com/v8/finance/chart/NVDA?period1=1480550400&period2=1780617600&interval=1d&events=history&includeAdjustedClose=true
2026-05,May 2026,2026-04-30,199.57000732421875,2026-05-29,211.13999938964844,0.05797460360179896,https://query2.finance.yahoo.com/v8/finance/chart/NVDA?period1=1480550400&period2=1780617600&interval=1d&events=history&includeAdjustedClose=true
